_class,_id,endTime,eventType,processDefinitionId,processDefinitionKey,processInstanceId,startTime,startUser,state,timestamp
com.snp.ecm.ecm.camunda.service.history.domain.ProcessHistoryEventEntity,61d85d7562eb890ebe579f63,,start,process_metrics:1:e4a48267-6fab-11ec-abbe-0242ac12000e,process_metrics,44450508-6fcf-11ec-abbe-0242ac12000e,2022-01-07T15:34:13.594Z,,ACTIVE,2022-01-07T15:34:13.594Z
com.snp.ecm.ecm.camunda.service.history.domain.ProcessHistoryEventEntity,61dc077d62eb890ebe579fa0,,migrate,process_metrics:2:6096578b-71fe-11ec-abbe-0242ac12000e,process_metrics,44450508-6fcf-11ec-abbe-0242ac12000e,,,ACTIVE,2022-01-10T10:16:29.852Z
com.snp.ecm.ecm.camunda.service.history.domain.ProcessHistoryEventEntity,61dc095d62eb890ebe579fd5,2022-01-10T10:24:29.581Z,end,process_metrics:2:6096578b-71fe-11ec-abbe-0242ac12000e,process_metrics,44450508-6fcf-11ec-abbe-0242ac12000e,,,COMPLETED,2022-01-10T10:24:29.581Z
com.snp.ecm.ecm.camunda.service.history.domain.ProcessHistoryEventEntity,61dc5ce162eb890ebe57a029,,start,process_metrics:2:6096578b-71fe-11ec-abbe-0242ac12000e,process_metrics,463b551f-7231-11ec-abbe-0242ac12000e,2022-01-10T16:20:49.891Z,,ACTIVE,2022-01-10T16:20:49.892Z
com.snp.ecm.ecm.camunda.service.history.domain.ProcessHistoryEventEntity,61dc5fb662eb890ebe57a05f,2022-01-10T16:32:54.363Z,end,process_metrics:2:6096578b-71fe-11ec-abbe-0242ac12000e,process_metrics,463b551f-7231-11ec-abbe-0242ac12000e,,,COMPLETED,2022-01-10T16:32:54.363Z
com.snp.ecm.ecm.camunda.service.history.domain.ProcessHistoryEventEntity,61dd563e62eb890ebe57a1a3,,start,process_metrics:2:6096578b-71fe-11ec-abbe-0242ac12000e,process_metrics,e7c2f4a4-72c5-11ec-abbe-0242ac12000e,2022-01-11T10:04:46.408Z,,ACTIVE,2022-01-11T10:04:46.408Z
com.snp.ecm.ecm.camunda.service.history.domain.ProcessHistoryEventEntity,61dd584562eb890ebe57a226,2022-01-11T10:13:25.034Z,end,process_metrics:2:6096578b-71fe-11ec-abbe-0242ac12000e,process_metrics,e7c2f4a4-72c5-11ec-abbe-0242ac12000e,,,COMPLETED,2022-01-11T10:13:25.034Z
com.snp.ecm.ecm.camunda.service.history.domain.ProcessHistoryEventEntity,61dd6f5762eb890ebe57a23a,,start,process_metrics:4:2b1df84d-72c9-11ec-abbe-0242ac12000e,process_metrics,dd244eee-72d4-11ec-abbe-0242ac12000e,2022-01-11T11:51:51.043Z,administracja,ACTIVE,2022-01-11T11:51:51.043Z
com.snp.ecm.ecm.camunda.service.history.domain.ProcessHistoryEventEntity,61dd715b62eb890ebe57a2b0,,start,process_metrics:4:2b1df84d-72c9-11ec-abbe-0242ac12000e,process_metrics,1134bf9b-72d6-11ec-abbe-0242ac12000e,2022-01-11T12:00:27.889Z,administracja,ACTIVE,2022-01-11T12:00:27.889Z
com.snp.ecm.ecm.camunda.service.history.domain.ProcessHistoryEventEntity,61ddaabd62eb890ebe57a3df,,migrate,process_metrics:5:44da8476-72f8-11ec-abbe-0242ac12000e,process_metrics,1134bf9b-72d6-11ec-abbe-0242ac12000e,,,ACTIVE,2022-01-11T16:05:17.491Z
com.snp.ecm.ecm.camunda.service.history.domain.ProcessHistoryEventEntity,61ddaabd62eb890ebe57a3e3,,migrate,process_metrics:5:44da8476-72f8-11ec-abbe-0242ac12000e,process_metrics,dd244eee-72d4-11ec-abbe-0242ac12000e,,,ACTIVE,2022-01-11T16:05:17.508Z
com.snp.ecm.ecm.camunda.service.history.domain.ProcessHistoryEventEntity,61ddab0862eb890ebe57a3ee,,migrate,process_metrics:6:7157ad87-72f8-11ec-abbe-0242ac12000e,process_metrics,1134bf9b-72d6-11ec-abbe-0242ac12000e,,,ACTIVE,2022-01-11T16:06:32.124Z
com.snp.ecm.ecm.camunda.service.history.domain.ProcessHistoryEventEntity,61ddab0862eb890ebe57a3f2,,migrate,process_metrics:6:7157ad87-72f8-11ec-abbe-0242ac12000e,process_metrics,dd244eee-72d4-11ec-abbe-0242ac12000e,,,ACTIVE,2022-01-11T16:06:32.140Z
com.snp.ecm.ecm.camunda.service.history.domain.ProcessHistoryEventEntity,61ddb91d62eb890ebe57a490,,start,process_metrics:6:7157ad87-72f8-11ec-abbe-0242ac12000e,process_metrics,d677c420-7300-11ec-abbe-0242ac12000e,2022-01-11T17:06:37.701Z,,ACTIVE,2022-01-11T17:06:37.701Z
com.snp.ecm.ecm.camunda.service.history.domain.ProcessHistoryEventEntity,61ddbfd462eb890ebe57a4e3,,migrate,process_metrics:7:d6c041b6-7304-11ec-abbe-0242ac12000e,process_metrics,1134bf9b-72d6-11ec-abbe-0242ac12000e,,,ACTIVE,2022-01-11T17:35:16.229Z
com.snp.ecm.ecm.camunda.service.history.domain.ProcessHistoryEventEntity,61ddbfd462eb890ebe57a4e7,,migrate,process_metrics:7:d6c041b6-7304-11ec-abbe-0242ac12000e,process_metrics,d677c420-7300-11ec-abbe-0242ac12000e,,,ACTIVE,2022-01-11T17:35:16.248Z
com.snp.ecm.ecm.camunda.service.history.domain.ProcessHistoryEventEntity,61ddbfd462eb890ebe57a4eb,,migrate,process_metrics:7:d6c041b6-7304-11ec-abbe-0242ac12000e,process_metrics,dd244eee-72d4-11ec-abbe-0242ac12000e,,,ACTIVE,2022-01-11T17:35:16.264Z
com.snp.ecm.ecm.camunda.service.history.domain.ProcessHistoryEventEntity,61ddccba62eb890ebe57a534,,migrate,process_metrics:8:86ef642b-730c-11ec-abbe-0242ac12000e,process_metrics,1134bf9b-72d6-11ec-abbe-0242ac12000e,,,ACTIVE,2022-01-11T18:30:18.277Z
com.snp.ecm.ecm.camunda.service.history.domain.ProcessHistoryEventEntity,61ddccba62eb890ebe57a538,,migrate,process_metrics:8:86ef642b-730c-11ec-abbe-0242ac12000e,process_metrics,d677c420-7300-11ec-abbe-0242ac12000e,,,ACTIVE,2022-01-11T18:30:18.289Z
com.snp.ecm.ecm.camunda.service.history.domain.ProcessHistoryEventEntity,61ddccba62eb890ebe57a53c,,migrate,process_metrics:8:86ef642b-730c-11ec-abbe-0242ac12000e,process_metrics,dd244eee-72d4-11ec-abbe-0242ac12000e,,,ACTIVE,2022-01-11T18:30:18.302Z
com.snp.ecm.ecm.camunda.service.history.domain.ProcessHistoryEventEntity,61ddccdd62eb890ebe57a547,,migrate,process_metrics:9:9c23b4ac-730c-11ec-abbe-0242ac12000e,process_metrics,1134bf9b-72d6-11ec-abbe-0242ac12000e,,,ACTIVE,2022-01-11T18:30:53.859Z
com.snp.ecm.ecm.camunda.service.history.domain.ProcessHistoryEventEntity,61ddccdd62eb890ebe57a54b,,migrate,process_metrics:9:9c23b4ac-730c-11ec-abbe-0242ac12000e,process_metrics,d677c420-7300-11ec-abbe-0242ac12000e,,,ACTIVE,2022-01-11T18:30:53.873Z
com.snp.ecm.ecm.camunda.service.history.domain.ProcessHistoryEventEntity,61ddccdd62eb890ebe57a54f,,migrate,process_metrics:9:9c23b4ac-730c-11ec-abbe-0242ac12000e,process_metrics,dd244eee-72d4-11ec-abbe-0242ac12000e,,,ACTIVE,2022-01-11T18:30:53.888Z
com.snp.ecm.ecm.camunda.service.history.domain.ProcessHistoryEventEntity,61de8d7e62eb890ebe57a635,,migrate,process_metrics:10:6cb40357-737f-11ec-abbe-0242ac12000e,process_metrics,1134bf9b-72d6-11ec-abbe-0242ac12000e,,,ACTIVE,2022-01-12T08:12:46.398Z
com.snp.ecm.ecm.camunda.service.history.domain.ProcessHistoryEventEntity,61de8d7e62eb890ebe57a639,,migrate,process_metrics:10:6cb40357-737f-11ec-abbe-0242ac12000e,process_metrics,d677c420-7300-11ec-abbe-0242ac12000e,,,ACTIVE,2022-01-12T08:12:46.412Z
com.snp.ecm.ecm.camunda.service.history.domain.ProcessHistoryEventEntity,61de8d7e62eb890ebe57a63d,,migrate,process_metrics:10:6cb40357-737f-11ec-abbe-0242ac12000e,process_metrics,dd244eee-72d4-11ec-abbe-0242ac12000e,,,ACTIVE,2022-01-12T08:12:46.428Z
com.snp.ecm.ecm.camunda.service.history.domain.ProcessHistoryEventEntity,61de8f1c62eb890ebe57a648,,migrate,process_metrics:11:638288f8-7380-11ec-abbe-0242ac12000e,process_metrics,1134bf9b-72d6-11ec-abbe-0242ac12000e,,,ACTIVE,2022-01-12T08:19:40.464Z
com.snp.ecm.ecm.camunda.service.history.domain.ProcessHistoryEventEntity,61de8f1c62eb890ebe57a64c,,migrate,process_metrics:11:638288f8-7380-11ec-abbe-0242ac12000e,process_metrics,d677c420-7300-11ec-abbe-0242ac12000e,,,ACTIVE,2022-01-12T08:19:40.475Z
com.snp.ecm.ecm.camunda.service.history.domain.ProcessHistoryEventEntity,61de8f1c62eb890ebe57a650,,migrate,process_metrics:11:638288f8-7380-11ec-abbe-0242ac12000e,process_metrics,dd244eee-72d4-11ec-abbe-0242ac12000e,,,ACTIVE,2022-01-12T08:19:40.487Z
com.snp.ecm.ecm.camunda.service.history.domain.ProcessHistoryEventEntity,61de9d8462eb890ebe57a65b,,migrate,process_metrics:12:f9d7f945-7388-11ec-abbe-0242ac12000e,process_metrics,1134bf9b-72d6-11ec-abbe-0242ac12000e,,,ACTIVE,2022-01-12T09:21:08.664Z
com.snp.ecm.ecm.camunda.service.history.domain.ProcessHistoryEventEntity,61de9d8462eb890ebe57a65f,,migrate,process_metrics:12:f9d7f945-7388-11ec-abbe-0242ac12000e,process_metrics,d677c420-7300-11ec-abbe-0242ac12000e,,,ACTIVE,2022-01-12T09:21:08.680Z
com.snp.ecm.ecm.camunda.service.history.domain.ProcessHistoryEventEntity,61de9d8462eb890ebe57a663,,migrate,process_metrics:12:f9d7f945-7388-11ec-abbe-0242ac12000e,process_metrics,dd244eee-72d4-11ec-abbe-0242ac12000e,,,ACTIVE,2022-01-12T09:21:08.695Z
com.snp.ecm.ecm.camunda.service.history.domain.ProcessHistoryEventEntity,61de9e5262eb890ebe57a66e,,migrate,process_metrics:13:743d4976-7389-11ec-abbe-0242ac12000e,process_metrics,1134bf9b-72d6-11ec-abbe-0242ac12000e,,,ACTIVE,2022-01-12T09:24:34.006Z
com.snp.ecm.ecm.camunda.service.history.domain.ProcessHistoryEventEntity,61de9e5262eb890ebe57a672,,migrate,process_metrics:13:743d4976-7389-11ec-abbe-0242ac12000e,process_metrics,d677c420-7300-11ec-abbe-0242ac12000e,,,ACTIVE,2022-01-12T09:24:34.020Z
com.snp.ecm.ecm.camunda.service.history.domain.ProcessHistoryEventEntity,61de9e5262eb890ebe57a676,,migrate,process_metrics:13:743d4976-7389-11ec-abbe-0242ac12000e,process_metrics,dd244eee-72d4-11ec-abbe-0242ac12000e,,,ACTIVE,2022-01-12T09:24:34.034Z
com.snp.ecm.ecm.camunda.service.history.domain.ProcessHistoryEventEntity,61de9eef62eb890ebe57a681,,migrate,process_metrics:14:d24e4017-7389-11ec-abbe-0242ac12000e,process_metrics,1134bf9b-72d6-11ec-abbe-0242ac12000e,,,ACTIVE,2022-01-12T09:27:11.820Z
com.snp.ecm.ecm.camunda.service.history.domain.ProcessHistoryEventEntity,61de9eef62eb890ebe57a685,,migrate,process_metrics:14:d24e4017-7389-11ec-abbe-0242ac12000e,process_metrics,d677c420-7300-11ec-abbe-0242ac12000e,,,ACTIVE,2022-01-12T09:27:11.832Z
com.snp.ecm.ecm.camunda.service.history.domain.ProcessHistoryEventEntity,61de9eef62eb890ebe57a689,,migrate,process_metrics:14:d24e4017-7389-11ec-abbe-0242ac12000e,process_metrics,dd244eee-72d4-11ec-abbe-0242ac12000e,,,ACTIVE,2022-01-12T09:27:11.846Z
com.snp.ecm.ecm.camunda.service.history.domain.ProcessHistoryEventEntity,61deb42662eb890ebe57a6f6,,migrate,process_metrics:15:7730d47e-7396-11ec-abbe-0242ac12000e,process_metrics,1134bf9b-72d6-11ec-abbe-0242ac12000e,,,ACTIVE,2022-01-12T10:57:42.408Z
com.snp.ecm.ecm.camunda.service.history.domain.ProcessHistoryEventEntity,61deb42662eb890ebe57a6fa,,migrate,process_metrics:15:7730d47e-7396-11ec-abbe-0242ac12000e,process_metrics,d677c420-7300-11ec-abbe-0242ac12000e,,,ACTIVE,2022-01-12T10:57:42.420Z
com.snp.ecm.ecm.camunda.service.history.domain.ProcessHistoryEventEntity,61deb42662eb890ebe57a6fe,,migrate,process_metrics:15:7730d47e-7396-11ec-abbe-0242ac12000e,process_metrics,dd244eee-72d4-11ec-abbe-0242ac12000e,,,ACTIVE,2022-01-12T10:57:42.438Z
com.snp.ecm.ecm.camunda.service.history.domain.ProcessHistoryEventEntity,61deb67c62eb890ebe57a70b,,migrate,process_metrics:16:db72c2fb-7397-11ec-abbe-0242ac12000e,process_metrics,1134bf9b-72d6-11ec-abbe-0242ac12000e,,,ACTIVE,2022-01-12T11:07:40.126Z
com.snp.ecm.ecm.camunda.service.history.domain.ProcessHistoryEventEntity,61deb67c62eb890ebe57a70f,,migrate,process_metrics:16:db72c2fb-7397-11ec-abbe-0242ac12000e,process_metrics,d677c420-7300-11ec-abbe-0242ac12000e,,,ACTIVE,2022-01-12T11:07:40.140Z
com.snp.ecm.ecm.camunda.service.history.domain.ProcessHistoryEventEntity,61deb67c62eb890ebe57a713,,migrate,process_metrics:16:db72c2fb-7397-11ec-abbe-0242ac12000e,process_metrics,dd244eee-72d4-11ec-abbe-0242ac12000e,,,ACTIVE,2022-01-12T11:07:40.154Z
com.snp.ecm.ecm.camunda.service.history.domain.ProcessHistoryEventEntity,61deb89462eb890ebe57a71e,,migrate,process_metrics:17:1b24f49c-7399-11ec-abbe-0242ac12000e,process_metrics,1134bf9b-72d6-11ec-abbe-0242ac12000e,,,ACTIVE,2022-01-12T11:16:36.490Z
com.snp.ecm.ecm.camunda.service.history.domain.ProcessHistoryEventEntity,61deb89462eb890ebe57a722,,migrate,process_metrics:17:1b24f49c-7399-11ec-abbe-0242ac12000e,process_metrics,d677c420-7300-11ec-abbe-0242ac12000e,,,ACTIVE,2022-01-12T11:16:36.504Z
com.snp.ecm.ecm.camunda.service.history.domain.ProcessHistoryEventEntity,61deb89462eb890ebe57a726,,migrate,process_metrics:17:1b24f49c-7399-11ec-abbe-0242ac12000e,process_metrics,dd244eee-72d4-11ec-abbe-0242ac12000e,,,ACTIVE,2022-01-12T11:16:36.519Z
com.snp.ecm.ecm.camunda.service.history.domain.ProcessHistoryEventEntity,61debd5962eb890ebe57a761,,migrate,process_metrics:18:f2f28de7-739b-11ec-abbe-0242ac12000e,process_metrics,1134bf9b-72d6-11ec-abbe-0242ac12000e,,,ACTIVE,2022-01-12T11:36:57.533Z
com.snp.ecm.ecm.camunda.service.history.domain.ProcessHistoryEventEntity,61debd5962eb890ebe57a765,,migrate,process_metrics:18:f2f28de7-739b-11ec-abbe-0242ac12000e,process_metrics,d677c420-7300-11ec-abbe-0242ac12000e,,,ACTIVE,2022-01-12T11:36:57.547Z
com.snp.ecm.ecm.camunda.service.history.domain.ProcessHistoryEventEntity,61debd5962eb890ebe57a769,,migrate,process_metrics:18:f2f28de7-739b-11ec-abbe-0242ac12000e,process_metrics,dd244eee-72d4-11ec-abbe-0242ac12000e,,,ACTIVE,2022-01-12T11:36:57.561Z
com.snp.ecm.ecm.camunda.service.history.domain.ProcessHistoryEventEntity,61dec9d262eb890ebe57a87c,,migrate,process_metrics:19:620aef46-73a3-11ec-abbe-0242ac12000e,process_metrics,1134bf9b-72d6-11ec-abbe-0242ac12000e,,,ACTIVE,2022-01-12T12:30:10.394Z
com.snp.ecm.ecm.camunda.service.history.domain.ProcessHistoryEventEntity,61dec9d262eb890ebe57a880,,migrate,process_metrics:19:620aef46-73a3-11ec-abbe-0242ac12000e,process_metrics,d677c420-7300-11ec-abbe-0242ac12000e,,,ACTIVE,2022-01-12T12:30:10.406Z
com.snp.ecm.ecm.camunda.service.history.domain.ProcessHistoryEventEntity,61dec9d262eb890ebe57a884,,migrate,process_metrics:19:620aef46-73a3-11ec-abbe-0242ac12000e,process_metrics,dd244eee-72d4-11ec-abbe-0242ac12000e,,,ACTIVE,2022-01-12T12:30:10.421Z
com.snp.ecm.ecm.camunda.service.history.domain.ProcessHistoryEventEntity,61decbe662eb890ebe57a88f,,migrate,process_metrics:20:9f0d1c23-73a4-11ec-abbe-0242ac12000e,process_metrics,1134bf9b-72d6-11ec-abbe-0242ac12000e,,,ACTIVE,2022-01-12T12:39:02.267Z
com.snp.ecm.ecm.camunda.service.history.domain.ProcessHistoryEventEntity,61decbe662eb890ebe57a893,,migrate,process_metrics:20:9f0d1c23-73a4-11ec-abbe-0242ac12000e,process_metrics,d677c420-7300-11ec-abbe-0242ac12000e,,,ACTIVE,2022-01-12T12:39:02.283Z
com.snp.ecm.ecm.camunda.service.history.domain.ProcessHistoryEventEntity,61decbe662eb890ebe57a897,,migrate,process_metrics:20:9f0d1c23-73a4-11ec-abbe-0242ac12000e,process_metrics,dd244eee-72d4-11ec-abbe-0242ac12000e,,,ACTIVE,2022-01-12T12:39:02.299Z
com.snp.ecm.ecm.camunda.service.history.domain.ProcessHistoryEventEntity,61ded2f062eb890ebe57a9d9,,start,process_metrics:20:9f0d1c23-73a4-11ec-abbe-0242ac12000e,process_metrics,d178610d-73a8-11ec-abbe-0242ac12000e,2022-01-12T13:09:04.768Z,,ACTIVE,2022-01-12T13:09:04.768Z
com.snp.ecm.ecm.camunda.service.history.domain.ProcessHistoryEventEntity,61dedf0b62eb890ebe57aa7c,,migrate,process_metrics:21:082bcffb-73b0-11ec-abbe-0242ac12000e,process_metrics,1134bf9b-72d6-11ec-abbe-0242ac12000e,,,ACTIVE,2022-01-12T14:00:43.069Z
com.snp.ecm.ecm.camunda.service.history.domain.ProcessHistoryEventEntity,61dedf0b62eb890ebe57aa80,,migrate,process_metrics:21:082bcffb-73b0-11ec-abbe-0242ac12000e,process_metrics,d677c420-7300-11ec-abbe-0242ac12000e,,,ACTIVE,2022-01-12T14:00:43.082Z
com.snp.ecm.ecm.camunda.service.history.domain.ProcessHistoryEventEntity,61dedf0b62eb890ebe57aa84,,migrate,process_metrics:21:082bcffb-73b0-11ec-abbe-0242ac12000e,process_metrics,dd244eee-72d4-11ec-abbe-0242ac12000e,,,ACTIVE,2022-01-12T14:00:43.094Z
com.snp.ecm.ecm.camunda.service.history.domain.ProcessHistoryEventEntity,61dedf0b62eb890ebe57aa88,,migrate,process_metrics:21:082bcffb-73b0-11ec-abbe-0242ac12000e,process_metrics,d178610d-73a8-11ec-abbe-0242ac12000e,,,ACTIVE,2022-01-12T14:00:43.107Z
com.snp.ecm.ecm.camunda.service.history.domain.ProcessHistoryEventEntity,61e00c0a62eb890ebe57ad9f,,start,process_metrics:21:082bcffb-73b0-11ec-abbe-0242ac12000e,process_metrics,7091cb3a-7463-11ec-abbe-0242ac12000e,2022-01-13T11:24:58.084Z,,ACTIVE,2022-01-13T11:24:58.084Z
com.snp.ecm.ecm.camunda.service.history.domain.ProcessHistoryEventEntity,61e00d8362eb890ebe57adcd,2022-01-13T11:31:15.847Z,end,process_metrics:21:082bcffb-73b0-11ec-abbe-0242ac12000e,process_metrics,7091cb3a-7463-11ec-abbe-0242ac12000e,,,COMPLETED,2022-01-13T11:31:15.847Z
com.snp.ecm.ecm.camunda.service.history.domain.ProcessHistoryEventEntity,61e7c56262eb890ebe57baf8,,migrate,process_metrics:22:079c424f-78fe-11ec-abbe-0242ac12000e,process_metrics,1134bf9b-72d6-11ec-abbe-0242ac12000e,,,ACTIVE,2022-01-19T08:01:38.694Z
com.snp.ecm.ecm.camunda.service.history.domain.ProcessHistoryEventEntity,61e7c56262eb890ebe57bafc,,migrate,process_metrics:22:079c424f-78fe-11ec-abbe-0242ac12000e,process_metrics,d677c420-7300-11ec-abbe-0242ac12000e,,,ACTIVE,2022-01-19T08:01:38.706Z
com.snp.ecm.ecm.camunda.service.history.domain.ProcessHistoryEventEntity,61e7c56262eb890ebe57bb00,,migrate,process_metrics:22:079c424f-78fe-11ec-abbe-0242ac12000e,process_metrics,dd244eee-72d4-11ec-abbe-0242ac12000e,,,ACTIVE,2022-01-19T08:01:38.717Z
com.snp.ecm.ecm.camunda.service.history.domain.ProcessHistoryEventEntity,61e7c56262eb890ebe57bb04,,migrate,process_metrics:22:079c424f-78fe-11ec-abbe-0242ac12000e,process_metrics,d178610d-73a8-11ec-abbe-0242ac12000e,,,ACTIVE,2022-01-19T08:01:38.727Z
com.snp.ecm.ecm.camunda.service.history.domain.ProcessHistoryEventEntity,61e7c59f62eb890ebe57bb0f,,migrate,process_metrics:23:2bb0dcb0-78fe-11ec-abbe-0242ac12000e,process_metrics,1134bf9b-72d6-11ec-abbe-0242ac12000e,,,ACTIVE,2022-01-19T08:02:39.215Z
com.snp.ecm.ecm.camunda.service.history.domain.ProcessHistoryEventEntity,61e7c59f62eb890ebe57bb13,,migrate,process_metrics:23:2bb0dcb0-78fe-11ec-abbe-0242ac12000e,process_metrics,d677c420-7300-11ec-abbe-0242ac12000e,,,ACTIVE,2022-01-19T08:02:39.225Z
com.snp.ecm.ecm.camunda.service.history.domain.ProcessHistoryEventEntity,61e7c59f62eb890ebe57bb17,,migrate,process_metrics:23:2bb0dcb0-78fe-11ec-abbe-0242ac12000e,process_metrics,dd244eee-72d4-11ec-abbe-0242ac12000e,,,ACTIVE,2022-01-19T08:02:39.236Z
com.snp.ecm.ecm.camunda.service.history.domain.ProcessHistoryEventEntity,61e7c59f62eb890ebe57bb1b,,migrate,process_metrics:23:2bb0dcb0-78fe-11ec-abbe-0242ac12000e,process_metrics,d178610d-73a8-11ec-abbe-0242ac12000e,,,ACTIVE,2022-01-19T08:02:39.246Z
com.snp.ecm.ecm.camunda.service.history.domain.ProcessHistoryEventEntity,61e7c61362eb890ebe57bb26,,migrate,process_metrics:24:71043511-78fe-11ec-abbe-0242ac12000e,process_metrics,1134bf9b-72d6-11ec-abbe-0242ac12000e,,,ACTIVE,2022-01-19T08:04:35.537Z
com.snp.ecm.ecm.camunda.service.history.domain.ProcessHistoryEventEntity,61e7c61362eb890ebe57bb2a,,migrate,process_metrics:24:71043511-78fe-11ec-abbe-0242ac12000e,process_metrics,d677c420-7300-11ec-abbe-0242ac12000e,,,ACTIVE,2022-01-19T08:04:35.549Z
com.snp.ecm.ecm.camunda.service.history.domain.ProcessHistoryEventEntity,61e7c61362eb890ebe57bb2e,,migrate,process_metrics:24:71043511-78fe-11ec-abbe-0242ac12000e,process_metrics,dd244eee-72d4-11ec-abbe-0242ac12000e,,,ACTIVE,2022-01-19T08:04:35.565Z
com.snp.ecm.ecm.camunda.service.history.domain.ProcessHistoryEventEntity,61e7c61362eb890ebe57bb32,,migrate,process_metrics:24:71043511-78fe-11ec-abbe-0242ac12000e,process_metrics,d178610d-73a8-11ec-abbe-0242ac12000e,,,ACTIVE,2022-01-19T08:04:35.586Z
com.snp.ecm.ecm.camunda.service.history.domain.ProcessHistoryEventEntity,61eee2c279cbf054ffa83b6c,,migrate,process_metrics:25:a745bab3-7d3b-11ec-baa0-0242c0a88004,process_metrics,1134bf9b-72d6-11ec-abbe-0242ac12000e,,,ACTIVE,2022-01-24T17:32:50.543Z
com.snp.ecm.ecm.camunda.service.history.domain.ProcessHistoryEventEntity,61eee2c279cbf054ffa83b70,,migrate,process_metrics:25:a745bab3-7d3b-11ec-baa0-0242c0a88004,process_metrics,d677c420-7300-11ec-abbe-0242ac12000e,,,ACTIVE,2022-01-24T17:32:50.671Z
com.snp.ecm.ecm.camunda.service.history.domain.ProcessHistoryEventEntity,61eee2c279cbf054ffa83b74,,migrate,process_metrics:25:a745bab3-7d3b-11ec-baa0-0242c0a88004,process_metrics,dd244eee-72d4-11ec-abbe-0242ac12000e,,,ACTIVE,2022-01-24T17:32:50.908Z
com.snp.ecm.ecm.camunda.service.history.domain.ProcessHistoryEventEntity,61eee2c279cbf054ffa83b78,,migrate,process_metrics:25:a745bab3-7d3b-11ec-baa0-0242c0a88004,process_metrics,d178610d-73a8-11ec-abbe-0242ac12000e,,,ACTIVE,2022-01-24T17:32:50.925Z
com.snp.ecm.ecm.camunda.service.history.domain.ProcessHistoryEventEntity,61eee3da79cbf054ffa83b83,,migrate,process_metrics:26:4e4c84d0-7d3c-11ec-baa0-0242c0a88004,process_metrics,1134bf9b-72d6-11ec-abbe-0242ac12000e,,,ACTIVE,2022-01-24T17:37:30.747Z
com.snp.ecm.ecm.camunda.service.history.domain.ProcessHistoryEventEntity,61eee3da79cbf054ffa83b87,,migrate,process_metrics:26:4e4c84d0-7d3c-11ec-baa0-0242c0a88004,process_metrics,d677c420-7300-11ec-abbe-0242ac12000e,,,ACTIVE,2022-01-24T17:37:30.763Z
com.snp.ecm.ecm.camunda.service.history.domain.ProcessHistoryEventEntity,61eee3da79cbf054ffa83b8b,,migrate,process_metrics:26:4e4c84d0-7d3c-11ec-baa0-0242c0a88004,process_metrics,dd244eee-72d4-11ec-abbe-0242ac12000e,,,ACTIVE,2022-01-24T17:37:30.779Z
com.snp.ecm.ecm.camunda.service.history.domain.ProcessHistoryEventEntity,61eee3da79cbf054ffa83b8f,,migrate,process_metrics:26:4e4c84d0-7d3c-11ec-baa0-0242c0a88004,process_metrics,d178610d-73a8-11ec-abbe-0242ac12000e,,,ACTIVE,2022-01-24T17:37:30.795Z
com.snp.ecm.ecm.camunda.service.history.domain.ProcessHistoryEventEntity,61eee54f79cbf054ffa83b9a,,migrate,process_metrics:27:2cc1ad41-7d3d-11ec-baa0-0242c0a88004,process_metrics,1134bf9b-72d6-11ec-abbe-0242ac12000e,,,ACTIVE,2022-01-24T17:43:43.966Z
com.snp.ecm.ecm.camunda.service.history.domain.ProcessHistoryEventEntity,61eee54f79cbf054ffa83b9e,,migrate,process_metrics:27:2cc1ad41-7d3d-11ec-baa0-0242c0a88004,process_metrics,d677c420-7300-11ec-abbe-0242ac12000e,,,ACTIVE,2022-01-24T17:43:43.982Z
com.snp.ecm.ecm.camunda.service.history.domain.ProcessHistoryEventEntity,61eee54f79cbf054ffa83ba2,,migrate,process_metrics:27:2cc1ad41-7d3d-11ec-baa0-0242c0a88004,process_metrics,dd244eee-72d4-11ec-abbe-0242ac12000e,,,ACTIVE,2022-01-24T17:43:43.996Z
com.snp.ecm.ecm.camunda.service.history.domain.ProcessHistoryEventEntity,61eee55079cbf054ffa83ba6,,migrate,process_metrics:27:2cc1ad41-7d3d-11ec-baa0-0242c0a88004,process_metrics,d178610d-73a8-11ec-abbe-0242ac12000e,,,ACTIVE,2022-01-24T17:43:44.012Z
com.snp.ecm.ecm.camunda.service.history.domain.ProcessHistoryEventEntity,61eee5d479cbf054ffa83bb1,,migrate,process_metrics:28:7ba91c02-7d3d-11ec-baa0-0242c0a88004,process_metrics,1134bf9b-72d6-11ec-abbe-0242ac12000e,,,ACTIVE,2022-01-24T17:45:56.340Z
com.snp.ecm.ecm.camunda.service.history.domain.ProcessHistoryEventEntity,61eee5d479cbf054ffa83bb5,,migrate,process_metrics:28:7ba91c02-7d3d-11ec-baa0-0242c0a88004,process_metrics,d677c420-7300-11ec-abbe-0242ac12000e,,,ACTIVE,2022-01-24T17:45:56.358Z
com.snp.ecm.ecm.camunda.service.history.domain.ProcessHistoryEventEntity,61eee5d479cbf054ffa83bb9,,migrate,process_metrics:28:7ba91c02-7d3d-11ec-baa0-0242c0a88004,process_metrics,dd244eee-72d4-11ec-abbe-0242ac12000e,,,ACTIVE,2022-01-24T17:45:56.375Z
com.snp.ecm.ecm.camunda.service.history.domain.ProcessHistoryEventEntity,61eee5d479cbf054ffa83bbd,,migrate,process_metrics:28:7ba91c02-7d3d-11ec-baa0-0242c0a88004,process_metrics,d178610d-73a8-11ec-abbe-0242ac12000e,,,ACTIVE,2022-01-24T17:45:56.391Z
com.snp.ecm.ecm.camunda.service.history.domain.ProcessHistoryEventEntity,61efb36279cbf054ffa83c72,,start,process_metrics:28:7ba91c02-7d3d-11ec-baa0-0242c0a88004,process_metrics,00f6ee95-7db8-11ec-baa0-0242c0a88004,2022-01-25T08:22:58.529Z,,ACTIVE,2022-01-25T08:22:58.529Z
com.snp.ecm.ecm.camunda.service.history.domain.ProcessHistoryEventEntity,61efb5be79cbf054ffa83c85,,migrate,process_metrics:29:68d2317a-7db9-11ec-baa0-0242c0a88004,process_metrics,1134bf9b-72d6-11ec-abbe-0242ac12000e,,,ACTIVE,2022-01-25T08:33:02.347Z
com.snp.ecm.ecm.camunda.service.history.domain.ProcessHistoryEventEntity,61efb5be79cbf054ffa83c89,,migrate,process_metrics:29:68d2317a-7db9-11ec-baa0-0242c0a88004,process_metrics,d677c420-7300-11ec-abbe-0242ac12000e,,,ACTIVE,2022-01-25T08:33:02.361Z
com.snp.ecm.ecm.camunda.service.history.domain.ProcessHistoryEventEntity,61efb5be79cbf054ffa83c8d,,migrate,process_metrics:29:68d2317a-7db9-11ec-baa0-0242c0a88004,process_metrics,dd244eee-72d4-11ec-abbe-0242ac12000e,,,ACTIVE,2022-01-25T08:33:02.376Z
com.snp.ecm.ecm.camunda.service.history.domain.ProcessHistoryEventEntity,61efb5de79cbf054ffa83c99,,migrate,process_metrics:29:7c41ee9c-7db9-11ec-baa0-0242c0a88004,process_metrics,1134bf9b-72d6-11ec-abbe-0242ac12000e,,,ACTIVE,2022-01-25T08:33:34.932Z
com.snp.ecm.ecm.camunda.service.history.domain.ProcessHistoryEventEntity,61efb5de79cbf054ffa83c9d,,migrate,process_metrics:29:7c41ee9c-7db9-11ec-baa0-0242c0a88004,process_metrics,d677c420-7300-11ec-abbe-0242ac12000e,,,ACTIVE,2022-01-25T08:33:34.945Z
com.snp.ecm.ecm.camunda.service.history.domain.ProcessHistoryEventEntity,61efb5de79cbf054ffa83ca1,,migrate,process_metrics:29:7c41ee9c-7db9-11ec-baa0-0242c0a88004,process_metrics,dd244eee-72d4-11ec-abbe-0242ac12000e,,,ACTIVE,2022-01-25T08:33:34.960Z
com.snp.ecm.ecm.camunda.service.history.domain.ProcessHistoryEventEntity,61efb6b879cbf054ffa83cad,,migrate,process_metrics:29:fe0625b9-7db9-11ec-baa0-0242c0a88004,process_metrics,1134bf9b-72d6-11ec-abbe-0242ac12000e,,,ACTIVE,2022-01-25T08:37:12.654Z
com.snp.ecm.ecm.camunda.service.history.domain.ProcessHistoryEventEntity,61efb6b879cbf054ffa83cb1,,migrate,process_metrics:29:fe0625b9-7db9-11ec-baa0-0242c0a88004,process_metrics,d677c420-7300-11ec-abbe-0242ac12000e,,,ACTIVE,2022-01-25T08:37:12.669Z
com.snp.ecm.ecm.camunda.service.history.domain.ProcessHistoryEventEntity,61efb6b879cbf054ffa83cb5,,migrate,process_metrics:29:fe0625b9-7db9-11ec-baa0-0242c0a88004,process_metrics,dd244eee-72d4-11ec-abbe-0242ac12000e,,,ACTIVE,2022-01-25T08:37:12.684Z
com.snp.ecm.ecm.camunda.service.history.domain.ProcessHistoryEventEntity,61efb6b879cbf054ffa83cb9,,migrate,process_metrics:29:fe0625b9-7db9-11ec-baa0-0242c0a88004,process_metrics,d178610d-73a8-11ec-abbe-0242ac12000e,,,ACTIVE,2022-01-25T08:37:12.697Z
com.snp.ecm.ecm.camunda.service.history.domain.ProcessHistoryEventEntity,61f0098da576265e74947370,,start,process_metrics:31:f98f9a88-7dea-11ec-96cc-0242c0a8c002,process_metrics,5d63a255-7deb-11ec-96cc-0242c0a8c002,2022-01-25T14:30:37.925Z,admin,ACTIVE,2022-01-25T14:30:37.925Z
com.snp.ecm.ecm.camunda.service.history.domain.ProcessHistoryEventEntity,61f00c27a576265e749473b5,,start,process_metrics:31:f98f9a88-7dea-11ec-96cc-0242c0a8c002,process_metrics,e9d8dc91-7dec-11ec-96cc-0242c0a8c002,2022-01-25T14:41:43.073Z,,ACTIVE,2022-01-25T14:41:43.073Z
com.snp.ecm.ecm.camunda.service.history.domain.ProcessHistoryEventEntity,61f0112ea576265e749473c7,,migrate,process_metrics:32:e93cbc80-7def-11ec-96cc-0242c0a8c002,process_metrics,e9d8dc91-7dec-11ec-96cc-0242c0a8c002,,,ACTIVE,2022-01-25T15:03:10.703Z
com.snp.ecm.ecm.camunda.service.history.domain.ProcessHistoryEventEntity,61f0121da576265e74947406,2022-01-25T15:07:09.226Z,end,process_metrics:32:e93cbc80-7def-11ec-96cc-0242c0a8c002,process_metrics,e9d8dc91-7dec-11ec-96cc-0242c0a8c002,,,COMPLETED,2022-01-25T15:07:09.226Z
com.snp.ecm.ecm.camunda.service.history.domain.ProcessHistoryEventEntity,61f02635a576265e74947490,,start,process_metrics:33:1c14e1e7-7df6-11ec-96cc-0242c0a8c002,process_metrics,71b795aa-7dfc-11ec-96cc-0242c0a8c002,2022-01-25T16:32:53.474Z,,ACTIVE,2022-01-25T16:32:53.474Z
com.snp.ecm.ecm.camunda.service.history.domain.ProcessHistoryEventEntity,61f029b6a576265e749474c4,,migrate,process_metrics:34:889f9e3b-7dfe-11ec-96cc-0242c0a8c002,process_metrics,71b795aa-7dfc-11ec-96cc-0242c0a8c002,,,ACTIVE,2022-01-25T16:47:50.963Z
com.snp.ecm.ecm.camunda.service.history.domain.ProcessHistoryEventEntity,61f029c4a576265e749474cf,,migrate,process_metrics:35:90cad5dc-7dfe-11ec-96cc-0242c0a8c002,process_metrics,71b795aa-7dfc-11ec-96cc-0242c0a8c002,,,ACTIVE,2022-01-25T16:48:04.667Z
com.snp.ecm.ecm.camunda.service.history.domain.ProcessHistoryEventEntity,61f02aeca576265e749474da,,migrate,process_metrics:36:41226bc9-7dff-11ec-96cc-0242c0a8c002,process_metrics,71b795aa-7dfc-11ec-96cc-0242c0a8c002,,,ACTIVE,2022-01-25T16:53:00.526Z
com.snp.ecm.ecm.camunda.service.history.domain.ProcessHistoryEventEntity,61f02c71a576265e74947507,,migrate,process_metrics:37:29013f76-7e00-11ec-96cc-0242c0a8c002,process_metrics,71b795aa-7dfc-11ec-96cc-0242c0a8c002,,,ACTIVE,2022-01-25T16:59:29.525Z
com.snp.ecm.ecm.camunda.service.history.domain.ProcessHistoryEventEntity,61f068caa576265e74947534,,start,process_metrics:37:29013f76-7e00-11ec-96cc-0242c0a8c002,process_metrics,219cd00b-7e24-11ec-96cc-0242c0a8c002,2022-01-25T21:16:58.950Z,administracja,ACTIVE,2022-01-25T21:16:58.950Z
com.snp.ecm.ecm.camunda.service.history.domain.ProcessHistoryEventEntity,61f069b2a576265e74947564,2022-01-25T21:20:50.406Z,end,process_metrics:37:29013f76-7e00-11ec-96cc-0242c0a8c002,process_metrics,219cd00b-7e24-11ec-96cc-0242c0a8c002,,,COMPLETED,2022-01-25T21:20:50.406Z
com.snp.ecm.ecm.camunda.service.history.domain.ProcessHistoryEventEntity,61f06d24a576265e74947577,,start,process_metrics:37:29013f76-7e00-11ec-96cc-0242c0a8c002,process_metrics,b9793ca6-7e26-11ec-96cc-0242c0a8c002,2022-01-25T21:35:32.723Z,,ACTIVE,2022-01-25T21:35:32.723Z
com.snp.ecm.ecm.camunda.service.history.domain.ProcessHistoryEventEntity,61f106eca576265e749476cc,,start,process_metrics:37:29013f76-7e00-11ec-96cc-0242c0a8c002,process_metrics,62b1a47f-7e82-11ec-96cc-0242c0a8c002,2022-01-26T08:31:40.830Z,,ACTIVE,2022-01-26T08:31:40.830Z
com.snp.ecm.ecm.camunda.service.history.domain.ProcessHistoryEventEntity,61f10f47a576265e749476f4,,start,process_metrics:37:29013f76-7e00-11ec-96cc-0242c0a8c002,process_metrics,5d57e9a4-7e87-11ec-96cc-0242c0a8c002,2022-01-26T09:07:19.338Z,,ACTIVE,2022-01-26T09:07:19.338Z
com.snp.ecm.ecm.camunda.service.history.domain.ProcessHistoryEventEntity,61f11230a576265e74947707,,migrate,process_metrics:38:198e2ce5-7e89-11ec-96cc-0242c0a8c002,process_metrics,71b795aa-7dfc-11ec-96cc-0242c0a8c002,,,ACTIVE,2022-01-26T09:19:44.663Z
com.snp.ecm.ecm.camunda.service.history.domain.ProcessHistoryEventEntity,61f11230a576265e7494770b,,migrate,process_metrics:38:198e2ce5-7e89-11ec-96cc-0242c0a8c002,process_metrics,b9793ca6-7e26-11ec-96cc-0242c0a8c002,,,ACTIVE,2022-01-26T09:19:44.680Z
com.snp.ecm.ecm.camunda.service.history.domain.ProcessHistoryEventEntity,61f11230a576265e7494770f,,migrate,process_metrics:38:198e2ce5-7e89-11ec-96cc-0242c0a8c002,process_metrics,5d57e9a4-7e87-11ec-96cc-0242c0a8c002,,,ACTIVE,2022-01-26T09:19:44.695Z
com.snp.ecm.ecm.camunda.service.history.domain.ProcessHistoryEventEntity,61f11230a576265e74947713,,migrate,process_metrics:38:198e2ce5-7e89-11ec-96cc-0242c0a8c002,process_metrics,62b1a47f-7e82-11ec-96cc-0242c0a8c002,,,ACTIVE,2022-01-26T09:19:44.708Z
com.snp.ecm.ecm.camunda.service.history.domain.ProcessHistoryEventEntity,61f1214aa576265e74947753,,start,process_metrics:38:198e2ce5-7e89-11ec-96cc-0242c0a8c002,process_metrics,19a39a56-7e92-11ec-96cc-0242c0a8c002,2022-01-26T10:24:10.213Z,,ACTIVE,2022-01-26T10:24:10.213Z
com.snp.ecm.ecm.camunda.service.history.domain.ProcessHistoryEventEntity,61f12389a576265e74947789,2022-01-26T10:33:45.424Z,end,process_metrics:38:198e2ce5-7e89-11ec-96cc-0242c0a8c002,process_metrics,19a39a56-7e92-11ec-96cc-0242c0a8c002,,,COMPLETED,2022-01-26T10:33:45.424Z
com.snp.ecm.ecm.camunda.service.history.domain.ProcessHistoryEventEntity,61f150b4a576265e74947796,,migrate,process_metrics:39:5c98cdd8-7eae-11ec-96cc-0242c0a8c002,process_metrics,71b795aa-7dfc-11ec-96cc-0242c0a8c002,,,ACTIVE,2022-01-26T13:46:28.534Z
com.snp.ecm.ecm.camunda.service.history.domain.ProcessHistoryEventEntity,61f150b4a576265e7494779a,,migrate,process_metrics:39:5c98cdd8-7eae-11ec-96cc-0242c0a8c002,process_metrics,b9793ca6-7e26-11ec-96cc-0242c0a8c002,,,ACTIVE,2022-01-26T13:46:28.555Z
com.snp.ecm.ecm.camunda.service.history.domain.ProcessHistoryEventEntity,61f150b4a576265e7494779e,,migrate,process_metrics:39:5c98cdd8-7eae-11ec-96cc-0242c0a8c002,process_metrics,5d57e9a4-7e87-11ec-96cc-0242c0a8c002,,,ACTIVE,2022-01-26T13:46:28.572Z
com.snp.ecm.ecm.camunda.service.history.domain.ProcessHistoryEventEntity,61f150b4a576265e749477a2,,migrate,process_metrics:39:5c98cdd8-7eae-11ec-96cc-0242c0a8c002,process_metrics,62b1a47f-7e82-11ec-96cc-0242c0a8c002,,,ACTIVE,2022-01-26T13:46:28.587Z
com.snp.ecm.ecm.camunda.service.history.domain.ProcessHistoryEventEntity,61f151f8a576265e749477ad,,migrate,process_metrics:40:1d9fc849-7eaf-11ec-96cc-0242c0a8c002,process_metrics,71b795aa-7dfc-11ec-96cc-0242c0a8c002,,,ACTIVE,2022-01-26T13:51:52.358Z
com.snp.ecm.ecm.camunda.service.history.domain.ProcessHistoryEventEntity,61f151f8a576265e749477b1,,migrate,process_metrics:40:1d9fc849-7eaf-11ec-96cc-0242c0a8c002,process_metrics,b9793ca6-7e26-11ec-96cc-0242c0a8c002,,,ACTIVE,2022-01-26T13:51:52.372Z
com.snp.ecm.ecm.camunda.service.history.domain.ProcessHistoryEventEntity,61f151f8a576265e749477b5,,migrate,process_metrics:40:1d9fc849-7eaf-11ec-96cc-0242c0a8c002,process_metrics,5d57e9a4-7e87-11ec-96cc-0242c0a8c002,,,ACTIVE,2022-01-26T13:51:52.386Z
com.snp.ecm.ecm.camunda.service.history.domain.ProcessHistoryEventEntity,61f151f8a576265e749477b9,,migrate,process_metrics:40:1d9fc849-7eaf-11ec-96cc-0242c0a8c002,process_metrics,62b1a47f-7e82-11ec-96cc-0242c0a8c002,,,ACTIVE,2022-01-26T13:51:52.400Z
com.snp.ecm.ecm.camunda.service.history.domain.ProcessHistoryEventEntity,61f1531da576265e749477df,2022-01-26T13:56:45.838Z,end,process_metrics:40:1d9fc849-7eaf-11ec-96cc-0242c0a8c002,process_metrics,71b795aa-7dfc-11ec-96cc-0242c0a8c002,,,COMPLETED,2022-01-26T13:56:45.838Z
com.snp.ecm.ecm.camunda.service.history.domain.ProcessHistoryEventEntity,61f2fabaa576265e74947bdd,,start,process_metrics:40:1d9fc849-7eaf-11ec-96cc-0242c0a8c002,process_metrics,4aafcbde-7fac-11ec-96cc-0242c0a8c002,2022-01-27T20:04:10.580Z,,ACTIVE,2022-01-27T20:04:10.580Z
com.snp.ecm.ecm.camunda.service.history.domain.ProcessHistoryEventEntity,61f2fb8fa576265e74947c0b,2022-01-27T20:07:43.950Z,end,process_metrics:40:1d9fc849-7eaf-11ec-96cc-0242c0a8c002,process_metrics,4aafcbde-7fac-11ec-96cc-0242c0a8c002,,,COMPLETED,2022-01-27T20:07:43.951Z
com.snp.ecm.ecm.camunda.service.history.domain.ProcessHistoryEventEntity,61f3e6bea576265e74947c74,,start,process_metrics:40:1d9fc849-7eaf-11ec-96cc-0242c0a8c002,process_metrics,f7c79a9c-8038-11ec-96cc-0242c0a8c002,2022-01-28T12:51:10.523Z,,ACTIVE,2022-01-28T12:51:10.523Z
com.snp.ecm.ecm.camunda.service.history.domain.ProcessHistoryEventEntity,61f3e8faa576265e74947ca2,2022-01-28T13:00:42.762Z,end,process_metrics:40:1d9fc849-7eaf-11ec-96cc-0242c0a8c002,process_metrics,f7c79a9c-8038-11ec-96cc-0242c0a8c002,,,COMPLETED,2022-01-28T13:00:42.762Z
com.snp.ecm.ecm.camunda.service.history.domain.ProcessHistoryEventEntity,61f923cc19036b7258eb7ad2,,start,process_metrics:40:1d9fc849-7eaf-11ec-96cc-0242c0a8c002,process_metrics,4c87c69f-8358-11ec-833a-0242c0a8c002,2022-02-01T12:13:00.598Z,administracja,ACTIVE,2022-02-01T12:13:00.598Z
com.snp.ecm.ecm.camunda.service.history.domain.ProcessHistoryEventEntity,61f9251319036b7258eb7b00,2022-02-01T12:18:27.262Z,end,process_metrics:40:1d9fc849-7eaf-11ec-96cc-0242c0a8c002,process_metrics,4c87c69f-8358-11ec-833a-0242c0a8c002,,,COMPLETED,2022-02-01T12:18:27.262Z
com.snp.ecm.ecm.camunda.service.history.domain.ProcessHistoryEventEntity,620cf64a523a6c3a7942b97e,,start,process_metrics:40:1d9fc849-7eaf-11ec-96cc-0242c0a8c002,process_metrics,ee828e34-8f28-11ec-89b7-0242ac120006,2022-02-16T13:04:10.465Z,,ACTIVE,2022-02-16T13:04:10.465Z
com.snp.ecm.ecm.camunda.service.history.domain.ProcessHistoryEventEntity,620cf6f0523a6c3a7942b995,,start,process_metrics:40:1d9fc849-7eaf-11ec-96cc-0242c0a8c002,process_metrics,519da679-8f29-11ec-89b7-0242ac120006,2022-02-16T13:06:56.736Z,,ACTIVE,2022-02-16T13:06:56.736Z
com.snp.ecm.ecm.camunda.service.history.domain.ProcessHistoryEventEntity,620d0153523a6c3a7942b9a7,,migrate,process_metrics:41:827a71a8-8f2f-11ec-89b7-0242ac120006,process_metrics,ee828e34-8f28-11ec-89b7-0242ac120006,,,ACTIVE,2022-02-16T13:51:15.757Z
com.snp.ecm.ecm.camunda.service.history.domain.ProcessHistoryEventEntity,620d0153523a6c3a7942b9aa,,migrate,process_metrics:41:827a71a8-8f2f-11ec-89b7-0242ac120006,process_metrics,b9793ca6-7e26-11ec-96cc-0242c0a8c002,,,ACTIVE,2022-02-16T13:51:15.765Z
com.snp.ecm.ecm.camunda.service.history.domain.ProcessHistoryEventEntity,620d0153523a6c3a7942b9ae,,migrate,process_metrics:41:827a71a8-8f2f-11ec-89b7-0242ac120006,process_metrics,5d57e9a4-7e87-11ec-96cc-0242c0a8c002,,,ACTIVE,2022-02-16T13:51:15.778Z
com.snp.ecm.ecm.camunda.service.history.domain.ProcessHistoryEventEntity,620d0153523a6c3a7942b9b2,,migrate,process_metrics:41:827a71a8-8f2f-11ec-89b7-0242ac120006,process_metrics,519da679-8f29-11ec-89b7-0242ac120006,,,ACTIVE,2022-02-16T13:51:15.788Z
com.snp.ecm.ecm.camunda.service.history.domain.ProcessHistoryEventEntity,620d0153523a6c3a7942b9b5,,migrate,process_metrics:41:827a71a8-8f2f-11ec-89b7-0242ac120006,process_metrics,62b1a47f-7e82-11ec-96cc-0242c0a8c002,,,ACTIVE,2022-02-16T13:51:15.795Z
com.snp.ecm.ecm.camunda.service.history.domain.ProcessHistoryEventEntity,620d0367523a6c3a7942b9c0,,migrate,process_metrics:42:bf23f729-8f30-11ec-89b7-0242ac120006,process_metrics,ee828e34-8f28-11ec-89b7-0242ac120006,,,ACTIVE,2022-02-16T14:00:07.024Z
com.snp.ecm.ecm.camunda.service.history.domain.ProcessHistoryEventEntity,620d0367523a6c3a7942b9c3,,migrate,process_metrics:42:bf23f729-8f30-11ec-89b7-0242ac120006,process_metrics,b9793ca6-7e26-11ec-96cc-0242c0a8c002,,,ACTIVE,2022-02-16T14:00:07.032Z
com.snp.ecm.ecm.camunda.service.history.domain.ProcessHistoryEventEntity,620d0367523a6c3a7942b9c7,,migrate,process_metrics:42:bf23f729-8f30-11ec-89b7-0242ac120006,process_metrics,5d57e9a4-7e87-11ec-96cc-0242c0a8c002,,,ACTIVE,2022-02-16T14:00:07.047Z
com.snp.ecm.ecm.camunda.service.history.domain.ProcessHistoryEventEntity,620d0367523a6c3a7942b9cb,,migrate,process_metrics:42:bf23f729-8f30-11ec-89b7-0242ac120006,process_metrics,519da679-8f29-11ec-89b7-0242ac120006,,,ACTIVE,2022-02-16T14:00:07.062Z
com.snp.ecm.ecm.camunda.service.history.domain.ProcessHistoryEventEntity,620d0367523a6c3a7942b9ce,,migrate,process_metrics:42:bf23f729-8f30-11ec-89b7-0242ac120006,process_metrics,62b1a47f-7e82-11ec-96cc-0242c0a8c002,,,ACTIVE,2022-02-16T14:00:07.071Z
com.snp.ecm.ecm.camunda.service.history.domain.ProcessHistoryEventEntity,620d03ee523a6c3a7942b9d9,,migrate,process_metrics:43:101602fa-8f31-11ec-89b7-0242ac120006,process_metrics,ee828e34-8f28-11ec-89b7-0242ac120006,,,ACTIVE,2022-02-16T14:02:22.813Z
com.snp.ecm.ecm.camunda.service.history.domain.ProcessHistoryEventEntity,620d03ee523a6c3a7942b9dc,,migrate,process_metrics:43:101602fa-8f31-11ec-89b7-0242ac120006,process_metrics,b9793ca6-7e26-11ec-96cc-0242c0a8c002,,,ACTIVE,2022-02-16T14:02:22.818Z
com.snp.ecm.ecm.camunda.service.history.domain.ProcessHistoryEventEntity,620d03ee523a6c3a7942b9e0,,migrate,process_metrics:43:101602fa-8f31-11ec-89b7-0242ac120006,process_metrics,5d57e9a4-7e87-11ec-96cc-0242c0a8c002,,,ACTIVE,2022-02-16T14:02:22.827Z
com.snp.ecm.ecm.camunda.service.history.domain.ProcessHistoryEventEntity,620d03ee523a6c3a7942b9e4,,migrate,process_metrics:43:101602fa-8f31-11ec-89b7-0242ac120006,process_metrics,519da679-8f29-11ec-89b7-0242ac120006,,,ACTIVE,2022-02-16T14:02:22.836Z
com.snp.ecm.ecm.camunda.service.history.domain.ProcessHistoryEventEntity,620d03ee523a6c3a7942b9e7,,migrate,process_metrics:43:101602fa-8f31-11ec-89b7-0242ac120006,process_metrics,62b1a47f-7e82-11ec-96cc-0242c0a8c002,,,ACTIVE,2022-02-16T14:02:22.841Z
com.snp.ecm.ecm.camunda.service.history.domain.ProcessHistoryEventEntity,620d042e523a6c3a7942b9f2,,migrate,process_metrics:44:35d0370b-8f31-11ec-89b7-0242ac120006,process_metrics,ee828e34-8f28-11ec-89b7-0242ac120006,,,ACTIVE,2022-02-16T14:03:26.141Z
com.snp.ecm.ecm.camunda.service.history.domain.ProcessHistoryEventEntity,620d042e523a6c3a7942b9f5,,migrate,process_metrics:44:35d0370b-8f31-11ec-89b7-0242ac120006,process_metrics,b9793ca6-7e26-11ec-96cc-0242c0a8c002,,,ACTIVE,2022-02-16T14:03:26.147Z
com.snp.ecm.ecm.camunda.service.history.domain.ProcessHistoryEventEntity,620d042e523a6c3a7942b9f9,,migrate,process_metrics:44:35d0370b-8f31-11ec-89b7-0242ac120006,process_metrics,5d57e9a4-7e87-11ec-96cc-0242c0a8c002,,,ACTIVE,2022-02-16T14:03:26.155Z
com.snp.ecm.ecm.camunda.service.history.domain.ProcessHistoryEventEntity,620d042e523a6c3a7942b9fd,,migrate,process_metrics:44:35d0370b-8f31-11ec-89b7-0242ac120006,process_metrics,519da679-8f29-11ec-89b7-0242ac120006,,,ACTIVE,2022-02-16T14:03:26.165Z
com.snp.ecm.ecm.camunda.service.history.domain.ProcessHistoryEventEntity,620d042e523a6c3a7942ba00,,migrate,process_metrics:44:35d0370b-8f31-11ec-89b7-0242ac120006,process_metrics,62b1a47f-7e82-11ec-96cc-0242c0a8c002,,,ACTIVE,2022-02-16T14:03:26.170Z
com.snp.ecm.ecm.camunda.service.history.domain.ProcessHistoryEventEntity,620d044c523a6c3a7942ba0b,,migrate,process_metrics:45:47eee21c-8f31-11ec-89b7-0242ac120006,process_metrics,ee828e34-8f28-11ec-89b7-0242ac120006,,,ACTIVE,2022-02-16T14:03:56.522Z
com.snp.ecm.ecm.camunda.service.history.domain.ProcessHistoryEventEntity,620d044c523a6c3a7942ba0e,,migrate,process_metrics:45:47eee21c-8f31-11ec-89b7-0242ac120006,process_metrics,b9793ca6-7e26-11ec-96cc-0242c0a8c002,,,ACTIVE,2022-02-16T14:03:56.528Z
com.snp.ecm.ecm.camunda.service.history.domain.ProcessHistoryEventEntity,620d044c523a6c3a7942ba12,,migrate,process_metrics:45:47eee21c-8f31-11ec-89b7-0242ac120006,process_metrics,5d57e9a4-7e87-11ec-96cc-0242c0a8c002,,,ACTIVE,2022-02-16T14:03:56.558Z
com.snp.ecm.ecm.camunda.service.history.domain.ProcessHistoryEventEntity,620d044c523a6c3a7942ba16,,migrate,process_metrics:45:47eee21c-8f31-11ec-89b7-0242ac120006,process_metrics,519da679-8f29-11ec-89b7-0242ac120006,,,ACTIVE,2022-02-16T14:03:56.571Z
com.snp.ecm.ecm.camunda.service.history.domain.ProcessHistoryEventEntity,620d044c523a6c3a7942ba19,,migrate,process_metrics:45:47eee21c-8f31-11ec-89b7-0242ac120006,process_metrics,62b1a47f-7e82-11ec-96cc-0242c0a8c002,,,ACTIVE,2022-02-16T14:03:56.576Z
com.snp.ecm.ecm.camunda.service.history.domain.ProcessHistoryEventEntity,620d04c6523a6c3a7942ba24,,migrate,process_metrics:46:90e1a869-8f31-11ec-89b7-0242ac120006,process_metrics,ee828e34-8f28-11ec-89b7-0242ac120006,,,ACTIVE,2022-02-16T14:05:58.898Z
com.snp.ecm.ecm.camunda.service.history.domain.ProcessHistoryEventEntity,620d04c6523a6c3a7942ba27,,migrate,process_metrics:46:90e1a869-8f31-11ec-89b7-0242ac120006,process_metrics,b9793ca6-7e26-11ec-96cc-0242c0a8c002,,,ACTIVE,2022-02-16T14:05:58.903Z
com.snp.ecm.ecm.camunda.service.history.domain.ProcessHistoryEventEntity,620d04c6523a6c3a7942ba2b,,migrate,process_metrics:46:90e1a869-8f31-11ec-89b7-0242ac120006,process_metrics,5d57e9a4-7e87-11ec-96cc-0242c0a8c002,,,ACTIVE,2022-02-16T14:05:58.912Z
com.snp.ecm.ecm.camunda.service.history.domain.ProcessHistoryEventEntity,620d04c6523a6c3a7942ba2f,,migrate,process_metrics:46:90e1a869-8f31-11ec-89b7-0242ac120006,process_metrics,519da679-8f29-11ec-89b7-0242ac120006,,,ACTIVE,2022-02-16T14:05:58.921Z
com.snp.ecm.ecm.camunda.service.history.domain.ProcessHistoryEventEntity,620d04c6523a6c3a7942ba32,,migrate,process_metrics:46:90e1a869-8f31-11ec-89b7-0242ac120006,process_metrics,62b1a47f-7e82-11ec-96cc-0242c0a8c002,,,ACTIVE,2022-02-16T14:05:58.925Z
com.snp.ecm.ecm.camunda.service.history.domain.ProcessHistoryEventEntity,620d0634523a6c3a7942ba71,,start,process_metrics:46:90e1a869-8f31-11ec-89b7-0242ac120006,process_metrics,6ab1170a-8f32-11ec-89b7-0242ac120006,2022-02-16T14:12:04.277Z,,ACTIVE,2022-02-16T14:12:04.277Z
com.snp.ecm.ecm.camunda.service.history.domain.ProcessHistoryEventEntity,620d1052523a6c3a7942ba92,,migrate,process_metrics:47:7287ddc9-8f38-11ec-89b7-0242ac120006,process_metrics,ee828e34-8f28-11ec-89b7-0242ac120006,,,ACTIVE,2022-02-16T14:55:14.471Z
com.snp.ecm.ecm.camunda.service.history.domain.ProcessHistoryEventEntity,620d1052523a6c3a7942ba95,,migrate,process_metrics:47:7287ddc9-8f38-11ec-89b7-0242ac120006,process_metrics,b9793ca6-7e26-11ec-96cc-0242c0a8c002,,,ACTIVE,2022-02-16T14:55:14.479Z
com.snp.ecm.ecm.camunda.service.history.domain.ProcessHistoryEventEntity,620d1052523a6c3a7942ba99,,migrate,process_metrics:47:7287ddc9-8f38-11ec-89b7-0242ac120006,process_metrics,5d57e9a4-7e87-11ec-96cc-0242c0a8c002,,,ACTIVE,2022-02-16T14:55:14.491Z
com.snp.ecm.ecm.camunda.service.history.domain.ProcessHistoryEventEntity,620d1052523a6c3a7942ba9d,,migrate,process_metrics:47:7287ddc9-8f38-11ec-89b7-0242ac120006,process_metrics,6ab1170a-8f32-11ec-89b7-0242ac120006,,,ACTIVE,2022-02-16T14:55:14.504Z
com.snp.ecm.ecm.camunda.service.history.domain.ProcessHistoryEventEntity,620d1052523a6c3a7942baa0,,migrate,process_metrics:47:7287ddc9-8f38-11ec-89b7-0242ac120006,process_metrics,519da679-8f29-11ec-89b7-0242ac120006,,,ACTIVE,2022-02-16T14:55:14.513Z
com.snp.ecm.ecm.camunda.service.history.domain.ProcessHistoryEventEntity,620d1052523a6c3a7942baa3,,migrate,process_metrics:47:7287ddc9-8f38-11ec-89b7-0242ac120006,process_metrics,62b1a47f-7e82-11ec-96cc-0242c0a8c002,,,ACTIVE,2022-02-16T14:55:14.519Z
com.snp.ecm.ecm.camunda.service.history.domain.ProcessHistoryEventEntity,620d10f6523a6c3a7942bae1,,start,process_metrics:47:7287ddc9-8f38-11ec-89b7-0242ac120006,process_metrics,d488fad5-8f38-11ec-89b7-0242ac120006,2022-02-16T14:57:58.833Z,,ACTIVE,2022-02-16T14:57:58.833Z
com.snp.ecm.ecm.camunda.service.history.domain.ProcessHistoryEventEntity,620d10f7523a6c3a7942baf0,,start,process_metrics:47:7287ddc9-8f38-11ec-89b7-0242ac120006,process_metrics,d5094da2-8f38-11ec-89b7-0242ac120006,2022-02-16T14:57:59.675Z,,ACTIVE,2022-02-16T14:57:59.675Z
com.snp.ecm.ecm.camunda.service.history.domain.ProcessHistoryEventEntity,620d10f8523a6c3a7942baff,,start,process_metrics:47:7287ddc9-8f38-11ec-89b7-0242ac120006,process_metrics,d58fe2fe-8f38-11ec-89b7-0242ac120006,2022-02-16T14:58:00.557Z,,ACTIVE,2022-02-16T14:58:00.557Z
com.snp.ecm.ecm.camunda.service.history.domain.ProcessHistoryEventEntity,620d1344523a6c3a7942bb30,,migrate,process_metrics:48:34144005-8f3a-11ec-89b7-0242ac120006,process_metrics,ee828e34-8f28-11ec-89b7-0242ac120006,,,ACTIVE,2022-02-16T15:07:48.676Z
com.snp.ecm.ecm.camunda.service.history.domain.ProcessHistoryEventEntity,620d1344523a6c3a7942bb33,,migrate,process_metrics:48:34144005-8f3a-11ec-89b7-0242ac120006,process_metrics,b9793ca6-7e26-11ec-96cc-0242c0a8c002,,,ACTIVE,2022-02-16T15:07:48.683Z
com.snp.ecm.ecm.camunda.service.history.domain.ProcessHistoryEventEntity,620d1344523a6c3a7942bb37,,migrate,process_metrics:48:34144005-8f3a-11ec-89b7-0242ac120006,process_metrics,5d57e9a4-7e87-11ec-96cc-0242c0a8c002,,,ACTIVE,2022-02-16T15:07:48.693Z
com.snp.ecm.ecm.camunda.service.history.domain.ProcessHistoryEventEntity,620d1344523a6c3a7942bb3b,,migrate,process_metrics:48:34144005-8f3a-11ec-89b7-0242ac120006,process_metrics,6ab1170a-8f32-11ec-89b7-0242ac120006,,,ACTIVE,2022-02-16T15:07:48.703Z
com.snp.ecm.ecm.camunda.service.history.domain.ProcessHistoryEventEntity,620d1344523a6c3a7942bb3e,,migrate,process_metrics:48:34144005-8f3a-11ec-89b7-0242ac120006,process_metrics,519da679-8f29-11ec-89b7-0242ac120006,,,ACTIVE,2022-02-16T15:07:48.712Z
com.snp.ecm.ecm.camunda.service.history.domain.ProcessHistoryEventEntity,620d1344523a6c3a7942bb41,,migrate,process_metrics:48:34144005-8f3a-11ec-89b7-0242ac120006,process_metrics,62b1a47f-7e82-11ec-96cc-0242c0a8c002,,,ACTIVE,2022-02-16T15:07:48.717Z
com.snp.ecm.ecm.camunda.service.history.domain.ProcessHistoryEventEntity,620d1358523a6c3a7942bb4c,,migrate,process_metrics:49:402f4f76-8f3a-11ec-89b7-0242ac120006,process_metrics,ee828e34-8f28-11ec-89b7-0242ac120006,,,ACTIVE,2022-02-16T15:08:08.993Z
com.snp.ecm.ecm.camunda.service.history.domain.ProcessHistoryEventEntity,620d1359523a6c3a7942bb4f,,migrate,process_metrics:49:402f4f76-8f3a-11ec-89b7-0242ac120006,process_metrics,b9793ca6-7e26-11ec-96cc-0242c0a8c002,,,ACTIVE,2022-02-16T15:08:09.005Z
com.snp.ecm.ecm.camunda.service.history.domain.ProcessHistoryEventEntity,620d1359523a6c3a7942bb53,,migrate,process_metrics:49:402f4f76-8f3a-11ec-89b7-0242ac120006,process_metrics,5d57e9a4-7e87-11ec-96cc-0242c0a8c002,,,ACTIVE,2022-02-16T15:08:09.017Z
com.snp.ecm.ecm.camunda.service.history.domain.ProcessHistoryEventEntity,620d1359523a6c3a7942bb57,,migrate,process_metrics:49:402f4f76-8f3a-11ec-89b7-0242ac120006,process_metrics,6ab1170a-8f32-11ec-89b7-0242ac120006,,,ACTIVE,2022-02-16T15:08:09.028Z
com.snp.ecm.ecm.camunda.service.history.domain.ProcessHistoryEventEntity,620d1359523a6c3a7942bb5a,,migrate,process_metrics:49:402f4f76-8f3a-11ec-89b7-0242ac120006,process_metrics,519da679-8f29-11ec-89b7-0242ac120006,,,ACTIVE,2022-02-16T15:08:09.036Z
com.snp.ecm.ecm.camunda.service.history.domain.ProcessHistoryEventEntity,620d1359523a6c3a7942bb5d,,migrate,process_metrics:49:402f4f76-8f3a-11ec-89b7-0242ac120006,process_metrics,62b1a47f-7e82-11ec-96cc-0242c0a8c002,,,ACTIVE,2022-02-16T15:08:09.040Z
com.snp.ecm.ecm.camunda.service.history.domain.ProcessHistoryEventEntity,620d136d523a6c3a7942bb68,,migrate,process_metrics:50:4c1bfae7-8f3a-11ec-89b7-0242ac120006,process_metrics,ee828e34-8f28-11ec-89b7-0242ac120006,,,ACTIVE,2022-02-16T15:08:29.003Z
com.snp.ecm.ecm.camunda.service.history.domain.ProcessHistoryEventEntity,620d136d523a6c3a7942bb6b,,migrate,process_metrics:50:4c1bfae7-8f3a-11ec-89b7-0242ac120006,process_metrics,b9793ca6-7e26-11ec-96cc-0242c0a8c002,,,ACTIVE,2022-02-16T15:08:29.010Z
com.snp.ecm.ecm.camunda.service.history.domain.ProcessHistoryEventEntity,620d136d523a6c3a7942bb6f,,migrate,process_metrics:50:4c1bfae7-8f3a-11ec-89b7-0242ac120006,process_metrics,5d57e9a4-7e87-11ec-96cc-0242c0a8c002,,,ACTIVE,2022-02-16T15:08:29.022Z
com.snp.ecm.ecm.camunda.service.history.domain.ProcessHistoryEventEntity,620d136d523a6c3a7942bb73,,migrate,process_metrics:50:4c1bfae7-8f3a-11ec-89b7-0242ac120006,process_metrics,6ab1170a-8f32-11ec-89b7-0242ac120006,,,ACTIVE,2022-02-16T15:08:29.032Z
com.snp.ecm.ecm.camunda.service.history.domain.ProcessHistoryEventEntity,620d136d523a6c3a7942bb76,,migrate,process_metrics:50:4c1bfae7-8f3a-11ec-89b7-0242ac120006,process_metrics,519da679-8f29-11ec-89b7-0242ac120006,,,ACTIVE,2022-02-16T15:08:29.039Z
com.snp.ecm.ecm.camunda.service.history.domain.ProcessHistoryEventEntity,620d136d523a6c3a7942bb79,,migrate,process_metrics:50:4c1bfae7-8f3a-11ec-89b7-0242ac120006,process_metrics,62b1a47f-7e82-11ec-96cc-0242c0a8c002,,,ACTIVE,2022-02-16T15:08:29.045Z
com.snp.ecm.ecm.camunda.service.history.domain.ProcessHistoryEventEntity,620d1459523a6c3a7942bbb8,,start,process_metrics:50:4c1bfae7-8f3a-11ec-89b7-0242ac120006,process_metrics,d9405648-8f3a-11ec-89b7-0242ac120006,2022-02-16T15:12:25.739Z,,ACTIVE,2022-02-16T15:12:25.739Z
com.snp.ecm.ecm.camunda.service.history.domain.ProcessHistoryEventEntity,620d145a523a6c3a7942bbc7,,start,process_metrics:50:4c1bfae7-8f3a-11ec-89b7-0242ac120006,process_metrics,d9e23bd5-8f3a-11ec-89b7-0242ac120006,2022-02-16T15:12:26.801Z,,ACTIVE,2022-02-16T15:12:26.801Z
com.snp.ecm.ecm.camunda.service.history.domain.ProcessHistoryEventEntity,620d145b523a6c3a7942bbd6,,start,process_metrics:50:4c1bfae7-8f3a-11ec-89b7-0242ac120006,process_metrics,da87c9e1-8f3a-11ec-89b7-0242ac120006,2022-02-16T15:12:27.886Z,,ACTIVE,2022-02-16T15:12:27.886Z
com.snp.ecm.ecm.camunda.service.history.domain.ProcessHistoryEventEntity,620d154b523a6c3a7942bbe6,,migrate,process_metrics:51:69935b79-8f3b-11ec-89b7-0242ac120006,process_metrics,ee828e34-8f28-11ec-89b7-0242ac120006,,,ACTIVE,2022-02-16T15:16:27.948Z
com.snp.ecm.ecm.camunda.service.history.domain.ProcessHistoryEventEntity,620d154b523a6c3a7942bbe9,,migrate,process_metrics:51:69935b79-8f3b-11ec-89b7-0242ac120006,process_metrics,b9793ca6-7e26-11ec-96cc-0242c0a8c002,,,ACTIVE,2022-02-16T15:16:27.958Z
com.snp.ecm.ecm.camunda.service.history.domain.ProcessHistoryEventEntity,620d154b523a6c3a7942bbed,,migrate,process_metrics:51:69935b79-8f3b-11ec-89b7-0242ac120006,process_metrics,5d57e9a4-7e87-11ec-96cc-0242c0a8c002,,,ACTIVE,2022-02-16T15:16:27.971Z
com.snp.ecm.ecm.camunda.service.history.domain.ProcessHistoryEventEntity,620d154b523a6c3a7942bbf1,,migrate,process_metrics:51:69935b79-8f3b-11ec-89b7-0242ac120006,process_metrics,6ab1170a-8f32-11ec-89b7-0242ac120006,,,ACTIVE,2022-02-16T15:16:27.982Z
com.snp.ecm.ecm.camunda.service.history.domain.ProcessHistoryEventEntity,620d154b523a6c3a7942bbf4,,migrate,process_metrics:51:69935b79-8f3b-11ec-89b7-0242ac120006,process_metrics,519da679-8f29-11ec-89b7-0242ac120006,,,ACTIVE,2022-02-16T15:16:27.991Z
com.snp.ecm.ecm.camunda.service.history.domain.ProcessHistoryEventEntity,620d154b523a6c3a7942bbf7,,migrate,process_metrics:51:69935b79-8f3b-11ec-89b7-0242ac120006,process_metrics,62b1a47f-7e82-11ec-96cc-0242c0a8c002,,,ACTIVE,2022-02-16T15:16:27.998Z
com.snp.ecm.ecm.camunda.service.history.domain.ProcessHistoryEventEntity,620d1690523a6c3a7942bc7d,,start,process_metrics:51:69935b79-8f3b-11ec-89b7-0242ac120006,process_metrics,2ad7869e-8f3c-11ec-89b7-0242ac120006,2022-02-16T15:21:52.122Z,,ACTIVE,2022-02-16T15:21:52.122Z
com.snp.ecm.ecm.camunda.service.history.domain.ProcessHistoryEventEntity,620d1691523a6c3a7942bc8c,,start,process_metrics:51:69935b79-8f3b-11ec-89b7-0242ac120006,process_metrics,2b6baf8b-8f3c-11ec-89b7-0242ac120006,2022-02-16T15:21:53.094Z,,ACTIVE,2022-02-16T15:21:53.094Z
com.snp.ecm.ecm.camunda.service.history.domain.ProcessHistoryEventEntity,620d1692523a6c3a7942bc9b,,start,process_metrics:51:69935b79-8f3b-11ec-89b7-0242ac120006,process_metrics,2c097667-8f3c-11ec-89b7-0242ac120006,2022-02-16T15:21:54.127Z,,ACTIVE,2022-02-16T15:21:54.127Z
com.snp.ecm.ecm.camunda.service.history.domain.ProcessHistoryEventEntity,620d1844523a6c3a7942bcab,,migrate,process_metrics:52:2eb36b7f-8f3d-11ec-89b7-0242ac120006,process_metrics,ee828e34-8f28-11ec-89b7-0242ac120006,,,ACTIVE,2022-02-16T15:29:08.140Z
com.snp.ecm.ecm.camunda.service.history.domain.ProcessHistoryEventEntity,620d1844523a6c3a7942bcae,,migrate,process_metrics:52:2eb36b7f-8f3d-11ec-89b7-0242ac120006,process_metrics,b9793ca6-7e26-11ec-96cc-0242c0a8c002,,,ACTIVE,2022-02-16T15:29:08.145Z
com.snp.ecm.ecm.camunda.service.history.domain.ProcessHistoryEventEntity,620d1844523a6c3a7942bcb2,,migrate,process_metrics:52:2eb36b7f-8f3d-11ec-89b7-0242ac120006,process_metrics,5d57e9a4-7e87-11ec-96cc-0242c0a8c002,,,ACTIVE,2022-02-16T15:29:08.153Z
com.snp.ecm.ecm.camunda.service.history.domain.ProcessHistoryEventEntity,620d1844523a6c3a7942bcb6,,migrate,process_metrics:52:2eb36b7f-8f3d-11ec-89b7-0242ac120006,process_metrics,6ab1170a-8f32-11ec-89b7-0242ac120006,,,ACTIVE,2022-02-16T15:29:08.160Z
com.snp.ecm.ecm.camunda.service.history.domain.ProcessHistoryEventEntity,620d1844523a6c3a7942bcb9,,migrate,process_metrics:52:2eb36b7f-8f3d-11ec-89b7-0242ac120006,process_metrics,519da679-8f29-11ec-89b7-0242ac120006,,,ACTIVE,2022-02-16T15:29:08.167Z
com.snp.ecm.ecm.camunda.service.history.domain.ProcessHistoryEventEntity,620d1844523a6c3a7942bcbc,,migrate,process_metrics:52:2eb36b7f-8f3d-11ec-89b7-0242ac120006,process_metrics,62b1a47f-7e82-11ec-96cc-0242c0a8c002,,,ACTIVE,2022-02-16T15:29:08.171Z
com.snp.ecm.ecm.camunda.service.history.domain.ProcessHistoryEventEntity,620d184c523a6c3a7942bcc7,,migrate,process_metrics:53:3370cc90-8f3d-11ec-89b7-0242ac120006,process_metrics,ee828e34-8f28-11ec-89b7-0242ac120006,,,ACTIVE,2022-02-16T15:29:16.092Z
com.snp.ecm.ecm.camunda.service.history.domain.ProcessHistoryEventEntity,620d184c523a6c3a7942bcca,,migrate,process_metrics:53:3370cc90-8f3d-11ec-89b7-0242ac120006,process_metrics,b9793ca6-7e26-11ec-96cc-0242c0a8c002,,,ACTIVE,2022-02-16T15:29:16.098Z
com.snp.ecm.ecm.camunda.service.history.domain.ProcessHistoryEventEntity,620d184c523a6c3a7942bcce,,migrate,process_metrics:53:3370cc90-8f3d-11ec-89b7-0242ac120006,process_metrics,5d57e9a4-7e87-11ec-96cc-0242c0a8c002,,,ACTIVE,2022-02-16T15:29:16.109Z
com.snp.ecm.ecm.camunda.service.history.domain.ProcessHistoryEventEntity,620d184c523a6c3a7942bcd2,,migrate,process_metrics:53:3370cc90-8f3d-11ec-89b7-0242ac120006,process_metrics,6ab1170a-8f32-11ec-89b7-0242ac120006,,,ACTIVE,2022-02-16T15:29:16.123Z
com.snp.ecm.ecm.camunda.service.history.domain.ProcessHistoryEventEntity,620d184c523a6c3a7942bcd5,,migrate,process_metrics:53:3370cc90-8f3d-11ec-89b7-0242ac120006,process_metrics,519da679-8f29-11ec-89b7-0242ac120006,,,ACTIVE,2022-02-16T15:29:16.132Z
com.snp.ecm.ecm.camunda.service.history.domain.ProcessHistoryEventEntity,620d184c523a6c3a7942bcd8,,migrate,process_metrics:53:3370cc90-8f3d-11ec-89b7-0242ac120006,process_metrics,62b1a47f-7e82-11ec-96cc-0242c0a8c002,,,ACTIVE,2022-02-16T15:29:16.140Z
com.snp.ecm.ecm.camunda.service.history.domain.ProcessHistoryEventEntity,620d18f9523a6c3a7942bd5f,,start,process_metrics:53:3370cc90-8f3d-11ec-89b7-0242ac120006,process_metrics,9b1738b9-8f3d-11ec-89b7-0242ac120006,2022-02-16T15:32:09.941Z,,ACTIVE,2022-02-16T15:32:09.942Z
com.snp.ecm.ecm.camunda.service.history.domain.ProcessHistoryEventEntity,620d18fa523a6c3a7942bd6e,,start,process_metrics:53:3370cc90-8f3d-11ec-89b7-0242ac120006,process_metrics,9ba76b06-8f3d-11ec-89b7-0242ac120006,2022-02-16T15:32:10.887Z,,ACTIVE,2022-02-16T15:32:10.887Z
com.snp.ecm.ecm.camunda.service.history.domain.ProcessHistoryEventEntity,620d18fb523a6c3a7942bd7d,,start,process_metrics:53:3370cc90-8f3d-11ec-89b7-0242ac120006,process_metrics,9c399922-8f3d-11ec-89b7-0242ac120006,2022-02-16T15:32:11.845Z,,ACTIVE,2022-02-16T15:32:11.845Z
com.snp.ecm.ecm.camunda.service.history.domain.ProcessHistoryEventEntity,620d1a05523a6c3a7942bd8d,,migrate,process_metrics:54:3a538886-8f3e-11ec-89b7-0242ac120006,process_metrics,ee828e34-8f28-11ec-89b7-0242ac120006,,,ACTIVE,2022-02-16T15:36:37.151Z
com.snp.ecm.ecm.camunda.service.history.domain.ProcessHistoryEventEntity,620d1a05523a6c3a7942bd90,,migrate,process_metrics:54:3a538886-8f3e-11ec-89b7-0242ac120006,process_metrics,b9793ca6-7e26-11ec-96cc-0242c0a8c002,,,ACTIVE,2022-02-16T15:36:37.158Z
com.snp.ecm.ecm.camunda.service.history.domain.ProcessHistoryEventEntity,620d1a05523a6c3a7942bd94,,migrate,process_metrics:54:3a538886-8f3e-11ec-89b7-0242ac120006,process_metrics,5d57e9a4-7e87-11ec-96cc-0242c0a8c002,,,ACTIVE,2022-02-16T15:36:37.170Z
com.snp.ecm.ecm.camunda.service.history.domain.ProcessHistoryEventEntity,620d1a05523a6c3a7942bd98,,migrate,process_metrics:54:3a538886-8f3e-11ec-89b7-0242ac120006,process_metrics,6ab1170a-8f32-11ec-89b7-0242ac120006,,,ACTIVE,2022-02-16T15:36:37.180Z
com.snp.ecm.ecm.camunda.service.history.domain.ProcessHistoryEventEntity,620d1a05523a6c3a7942bd9b,,migrate,process_metrics:54:3a538886-8f3e-11ec-89b7-0242ac120006,process_metrics,519da679-8f29-11ec-89b7-0242ac120006,,,ACTIVE,2022-02-16T15:36:37.189Z
com.snp.ecm.ecm.camunda.service.history.domain.ProcessHistoryEventEntity,620d1a05523a6c3a7942bd9e,,migrate,process_metrics:54:3a538886-8f3e-11ec-89b7-0242ac120006,process_metrics,62b1a47f-7e82-11ec-96cc-0242c0a8c002,,,ACTIVE,2022-02-16T15:36:37.195Z
com.snp.ecm.ecm.camunda.service.history.domain.ProcessHistoryEventEntity,620d1e6c523a6c3a7942bddd,,start,process_metrics:54:3a538886-8f3e-11ec-89b7-0242ac120006,process_metrics,da4b2803-8f40-11ec-89b7-0242ac120006,2022-02-16T15:55:24.472Z,,ACTIVE,2022-02-16T15:55:24.472Z
com.snp.ecm.ecm.camunda.service.history.domain.ProcessHistoryEventEntity,620d2c15523a6c3a7942be41,2022-02-16T16:53:41.284Z,end,process_metrics:54:3a538886-8f3e-11ec-89b7-0242ac120006,process_metrics,da4b2803-8f40-11ec-89b7-0242ac120006,,,COMPLETED,2022-02-16T16:53:41.284Z
com.snp.ecm.ecm.camunda.service.history.domain.ProcessHistoryEventEntity,620d5e57523a6c3a7942be94,,start,process_metrics:54:3a538886-8f3e-11ec-89b7-0242ac120006,process_metrics,f32d6f6f-8f66-11ec-89b7-0242ac120006,2022-02-16T20:28:07.093Z,,ACTIVE,2022-02-16T20:28:07.093Z
com.snp.ecm.ecm.camunda.service.history.domain.ProcessHistoryEventEntity,620d5f9f523a6c3a7942bec2,2022-02-16T20:33:35.095Z,end,process_metrics:54:3a538886-8f3e-11ec-89b7-0242ac120006,process_metrics,f32d6f6f-8f66-11ec-89b7-0242ac120006,,,COMPLETED,2022-02-16T20:33:35.095Z
com.snp.ecm.ecm.camunda.service.history.domain.ProcessHistoryEventEntity,620e0847523a6c3a7942c08e,2022-02-17T08:33:11.458Z,end,process_metrics:54:3a538886-8f3e-11ec-89b7-0242ac120006,process_metrics,ee828e34-8f28-11ec-89b7-0242ac120006,,,COMPLETED,2022-02-17T08:33:11.458Z
com.snp.ecm.ecm.camunda.service.history.domain.ProcessHistoryEventEntity,620e0894523a6c3a7942c0be,2022-02-17T08:34:28.037Z,end,process_metrics:54:3a538886-8f3e-11ec-89b7-0242ac120006,process_metrics,519da679-8f29-11ec-89b7-0242ac120006,,,COMPLETED,2022-02-17T08:34:28.037Z
com.snp.ecm.ecm.camunda.service.history.domain.ProcessHistoryEventEntity,620e08a5523a6c3a7942c0ed,2022-02-17T08:34:45.376Z,end,process_metrics:54:3a538886-8f3e-11ec-89b7-0242ac120006,process_metrics,6ab1170a-8f32-11ec-89b7-0242ac120006,,,COMPLETED,2022-02-17T08:34:45.376Z
com.snp.ecm.ecm.camunda.service.history.domain.ProcessHistoryEventEntity,620e3607523a6c3a7942c12e,,start,process_metrics:54:3a538886-8f3e-11ec-89b7-0242ac120006,process_metrics,82a7b93e-8fe7-11ec-89b7-0242ac120006,2022-02-17T11:48:23.390Z,,ACTIVE,2022-02-17T11:48:23.390Z
com.snp.ecm.ecm.camunda.service.history.domain.ProcessHistoryEventEntity,6213c68e523a6c3a7942c21e,,migrate,process_metrics:55:987cccd7-9338-11ec-89b7-0242ac120006,process_metrics,b9793ca6-7e26-11ec-96cc-0242c0a8c002,,,ACTIVE,2022-02-21T17:06:22.800Z
com.snp.ecm.ecm.camunda.service.history.domain.ProcessHistoryEventEntity,6213c68e523a6c3a7942c222,,migrate,process_metrics:55:987cccd7-9338-11ec-89b7-0242ac120006,process_metrics,5d57e9a4-7e87-11ec-96cc-0242c0a8c002,,,ACTIVE,2022-02-21T17:06:22.814Z
com.snp.ecm.ecm.camunda.service.history.domain.ProcessHistoryEventEntity,6213c68e523a6c3a7942c226,,migrate,process_metrics:55:987cccd7-9338-11ec-89b7-0242ac120006,process_metrics,62b1a47f-7e82-11ec-96cc-0242c0a8c002,,,ACTIVE,2022-02-21T17:06:22.824Z
com.snp.ecm.ecm.camunda.service.history.domain.ProcessHistoryEventEntity,6213c68e523a6c3a7942c22a,,migrate,process_metrics:55:987cccd7-9338-11ec-89b7-0242ac120006,process_metrics,82a7b93e-8fe7-11ec-89b7-0242ac120006,,,ACTIVE,2022-02-21T17:06:22.835Z